{
	"linklogos": "https://telegra.ph/file/9183d10f0d286969af095.jpg",
	"imgnazista": "https://telegra.ph/file/fb2762032047db19d206b.jpg",
	"imggay": "https://telegra.ph/file/b96d00f8b38750658c142.jpg",
	"imgcorno": "https://telegra.ph/file/3182942e577dbbc27b17e.jpg",
	"imggostosa": "https://telegra.ph/file/9bd3e6fcc0e8da9939ed6.jpg",
	"imggostoso": "https://telegra.ph/file/df6f2722710ef26a82c04.jpg",
	"imgfeio": "https://telegra.ph/file/bd22339646fe7f163f89c.jpg",
	"imggado": "https://telegra.ph/file/6ac2858647969cca031fd.jpg",
	"imgvesgo": "https://telegra.ph/file/2c6675f5bc489c219fbb0.jpg",
	"imgbebado": "https://telegra.ph/file/b69ac603e275e610d2c34.jpg",
	"tapacmd": "https://telegra.ph/file/841664f31eb7539c35a2d.mp4",
	"matarcmd": "https://telegra.ph/file/1135a19fceefa7074caf8.mp4",
	"beijocmd": "https://telegra.ph/file/c9b5ed858237ebc9f7356.mp4",
	"chutecmd": "https://telegra.ph/file/d4b2525d2e1aeb33fa626.mp4",
	"fundo2": "https://telegra.ph/file/9183d10f0d286969af095.jpg",
	"fundo1": "https://telegra.ph/file/9183d10f0d286969af095.jpg",
	"forwarding": false,
	"banChats": false
}
